name,tn,fp,fn,tp,r2,precision,recall,mcc
FractionRecursiveCalls,668,0,59,0,-0.08832335329341334,0.0,0.0,0.0
IsNested,668,0,59,0,-0.08832335329341334,0.0,0.0,0.0
FractionNestedMethods,668,0,59,0,-0.08832335329341334,0.0,0.0,0.0
FractionFunctions,583,85,41,18,-1.3242159748300013,17.475728155339805,30.508474576271187,0.13926145095016618
IsFunction,629,39,49,10,-0.6232619506749215,20.408163265306122,16.94915254237288,0.12101740086233063
HasFunctionParameters,592,76,44,15,-1.2135390236476202,16.483516483516482,25.423728813559322,0.11591311856912745
FractionHigherOrderCalls,87,581,15,44,-9.993910484116514,7.04,74.57627118644068,-0.09749627147794822
FractionFunctionCalls,11,657,2,57,-11.156018471531516,7.9831932773109235,96.61016949152543,-0.035918791640948126
FractionCurrying,598,70,53,6,-1.268877499238811,7.894736842105263,10.16949152542373,-0.0027627927214518883
FractionPatternMatching,14,654,3,56,-11.119126154470722,7.887323943661972,94.91525423728814,-0.054010403068514734
FractionLazyValues,668,0,59,0,-0.08832335329341334,0.0,0.0,0.0
HasMultipleParameterLists,541,127,42,17,-2.117400791637065,11.805555555555555,28.8135593220339,0.06715756601490905
FunctionalScoreFraction,486,182,35,24,-3.002816401096114,11.650485436893204,40.67796610169492,0.08139865485723227
FractionVariables,5,663,0,59,-11.229803105653103,8.171745152354571,100.0,0.02473171185510669
FractionVariableDefinitions,668,0,59,0,-0.08832335329341334,0.0,0.0,0.0
FractionInnerVariableAssignment,4,664,0,59,-11.2482492641835,8.160442600276625,100.0,0.022105412402884373
FractionOuterVariableUsage,5,663,0,59,-11.229803105653103,8.171745152354571,100.0,0.02473171185510669
FractionOuterVariableAssignment,668,0,59,0,-0.08832335329341334,0.0,0.0,0.0
FractionSideEffects,615,53,48,11,-0.8630620115700804,17.1875,18.64406779661017,0.10321774431154922
IsSideEffect,619,49,48,11,-0.7892773774484931,18.333333333333332,18.64406779661017,0.1122250622254862
FractionSideEffectCalls,534,134,49,10,-2.375647011062621,6.944444444444445,16.94915254237288,-0.021313791336856975
FractionSideEffectFunctions,3,665,0,59,-11.266695422713896,8.149171270718233,100.0,0.019130623243661944
ImperativeScoreFraction,616,52,48,11,-0.8446158530396837,17.46031746031746,18.64406779661017,0.10540839911208748
HasPointsFraction,466,202,31,28,-3.297954937582463,12.173913043478262,47.45762711864407,0.10110147830196278
ParadigmScoreFraction,245,423,30,29,-7.356109814269766,6.415929203539823,49.152542372881356,-0.07979457686129973
