name,count,precision,recall,mcc
FractionCurrying,8,4.916756526393165,99.64663550659392,0.00441998292063395
FractionFunctionCalls,8,7.230378428604741,100.0,0.01447452966985785
FractionFunctions,8,8.624374511797509,94.46055883112298,0.02481665553862375
FractionHigherOrderCalls,8,7.293673663355646,98.84722727824294,0.027128288540550098
FractionInnerVariableAssignment,8,0.0,0.0,0.0
FractionLazyValues,8,4.181817542909444,99.75696694750485,0.009129894089027101
FractionNestedMethods,8,0.0,0.0,0.0
FractionOuterVariableAssignment,8,0.8710348413936556,50.0,0.0032167627817026
FractionOuterVariableUsage,8,7.320239754082182,99.69081914738834,0.01561003211987615
FractionPatternMatching,8,8.7097997823751,34.478721106070424,0.01815141488506065
FractionRecursiveCalls,8,0.0,0.0,0.0
FractionSideEffectCalls,8,7.280844740291859,100.0,0.015599087078598351
FractionSideEffectFunctions,8,2.7168539968816456,59.91469744948604,2.4975312956136057e-05
FractionSideEffects,8,8.801649794627604,31.629201222173727,0.0438591014265164
FractionVariableDefinitions,8,0.0,0.0,0.0
FractionVariables,8,7.325299668230146,99.69081914738834,0.0158864098798246
FunctionalScoreFraction,8,10.119910955455367,43.74034997426659,0.04773431057198345
HasFunctionParameters,8,8.278137404638962,41.451149425287355,0.029510638075219947
HasMultipleParameterLists,8,9.955415091145099,36.90813175501801,0.0746653782432362
HasPointsFraction,8,9.689629420802522,53.71422161345173,0.06572004549786631
ImperativeScoreFraction,8,8.67915204432677,32.258020515058924,0.0420387938197047
IsFunction,8,8.953603969516006,72.21335272328744,0.0106256006316995
IsNested,8,7.984041147993366,7.595536959553696,0.01131230349912895
IsSideEffect,8,9.031883609348398,31.158609777389785,0.04501340196920265
ParadigmScoreFraction,8,8.115273683876897,46.64283711802635,0.0472856537566959
